title,url,time_published,authors,summary,banner_image,source,category_within_source,source_domain,topics,overall_sentiment_score,overall_sentiment_label,ticker_sentiment
Donald Trump Just Killed The Fed's 'Digital Dollar'-While Quietly Leaning Into Bitcoin And Crypto Amid Price Boom,https://www.forbes.com/sites/digital-assets/2024/01/20/donald-trump-just-killed-the-feds-digital-dollar-while-quietly-leaning-into-bitcoin-and-crypto-amid-price-boom/,20240120T123052,['Billy Bambrough'],Former U.S. president and 2024 Republican front-runner Donald Trump has said he'd block the creation of a U.S. central bank digital currency ( CBDC ) -sometimes called a digital dollar-if he retakes the White House this year.,https://imageio.forbes.com/specials-images/imageserve/65ab950f8b31608bbdadec68/0x0.jpg?format=jpg&height=900&width=1600&fit=bounds,Forbes,n/a,www.forbes.com,"[{'topic': 'Economy - Monetary', 'relevance_score': '0.451494'}, {'topic': 'Financial Markets', 'relevance_score': '0.161647'}, {'topic': 'Technology', 'relevance_score': '0.5'}, {'topic': 'Finance', 'relevance_score': '0.5'}, {'topic': 'Blockchain', 'relevance_score': '0.9973'}]",0.065191,Neutral,"[{'ticker': 'COIN', 'relevance_score': '0.054236', 'ticker_sentiment_score': '0.090991', 'ticker_sentiment_label': 'Neutral'}, {'ticker': 'FOX', 'relevance_score': '0.054236', 'ticker_sentiment_score': '0.154069', 'ticker_sentiment_label': 'Somewhat-Bullish'}, {'ticker': 'FOREX:USD', 'relevance_score': '0.054236', 'ticker_sentiment_score': '0.110965', 'ticker_sentiment_label': 'Neutral'}, {'ticker': 'CRYPTO:BTC', 'relevance_score': '0.503668', 'ticker_sentiment_score': '0.087452', 'ticker_sentiment_label': 'Neutral'}, {'ticker': 'CRYPTO:ETH', 'relevance_score': '0.214462', 'ticker_sentiment_score': '0.199049', 'ticker_sentiment_label': 'Somewhat-Bullish'}]"
Celsius transfers $125M of ETH to exchanges as FTX and Alameda dump,https://cointelegraph.com/news/celsius-ftx-alameda-transfers-millions-in-ether-crypto-to-exchanges,20240115T034257,['Tom Mitchelhill'],The embattled crypto firms have begun transferring large volumes of ETH to centralized exchanges amid wider efforts to start paying back creditors.,"https://images.cointelegraph.com/cdn-cgi/image/format=auto,onerror=redirect,quality=90,width=1200/https://s3.cointelegraph.com/uploads/2024-01/b0baf29b-6f3a-4901-a6f3-508d6978cef0.jpg",Cointelegraph,n/a,cointelegraph.com,"[{'topic': 'Finance', 'relevance_score': '1.0'}, {'topic': 'Blockchain', 'relevance_score': '0.576289'}]",0.059875,Neutral,"[{'ticker': 'COIN', 'relevance_score': '0.219809', 'ticker_sentiment_score': '0.275856', 'ticker_sentiment_label': 'Somewhat-Bullish'}, {'ticker': 'FOREX:USD', 'relevance_score': '0.110973', 'ticker_sentiment_score': '0.04942', 'ticker_sentiment_label': 'Neutral'}, {'ticker': 'CRYPTO:BTC', 'relevance_score': '0.324495', 'ticker_sentiment_score': '0.30396', 'ticker_sentiment_label': 'Somewhat-Bullish'}, {'ticker': 'CRYPTO:ETH', 'relevance_score': '0.671304', 'ticker_sentiment_score': '0.215583', 'ticker_sentiment_label': 'Somewhat-Bullish'}, {'ticker': 'CRYPTO:WBTC', 'relevance_score': '0.110973', 'ticker_sentiment_score': '0.245202', 'ticker_sentiment_label': 'Somewhat-Bullish'}]"
US bitcoin ETF trades soar to US$4.6 billion on first day,https://www.scmp.com/tech/tech-trends/article/3248152/us-bitcoin-etfs-trades-soar-us46-billion-first-day-after-landmark-sec-approval,20240112T025659,['Reuters'],The ETF launches on Thursday lifted the price of bitcoin up to its highest level since December 2021.,https://cdn.i-scmp.com/sites/default/files/d8/images/canvas/2024/01/12/ae8a3757-ffff-4ff6-8d4c-962edf286621_a66cec46.jpg,South China Morning Post,Business,www.scmp.com,"[{'topic': 'Life Sciences', 'relevance_score': '0.25'}, {'topic': 'Technology', 'relevance_score': '0.25'}, {'topic': 'Finance', 'relevance_score': '0.25'}, {'topic': 'Blockchain', 'relevance_score': '0.928139'}, {'topic': 'IPO', 'relevance_score': '0.158519'}, {'topic': 'Financial Markets', 'relevance_score': '1.0'}, {'topic': 'Real Estate & Construction', 'relevance_score': '0.25'}]",0.172139,Somewhat-Bullish,"[{'ticker': 'BLK', 'relevance_score': '0.042876', 'ticker_sentiment_score': '0.305464', 'ticker_sentiment_label': 'Somewhat-Bullish'}, {'ticker': 'MARA', 'relevance_score': '0.042876', 'ticker_sentiment_score': '0.008958', 'ticker_sentiment_label': 'Neutral'}, {'ticker': 'MSTR', 'relevance_score': '0.042876', 'ticker_sentiment_score': '-0.185185', 'ticker_sentiment_label': 'Somewhat-Bearish'}, {'ticker': 'SCBFF', 'relevance_score': '0.042876', 'ticker_sentiment_score': '-0.055516', 'ticker_sentiment_label': 'Neutral'}, {'ticker': 'BRPHF', 'relevance_score': '0.042876', 'ticker_sentiment_score': '0.147338', 'ticker_sentiment_label': 'Neutral'}, {'ticker': 'RIOT', 'relevance_score': '0.042876', 'ticker_sentiment_score': '0.008958', 'ticker_sentiment_label': 'Neutral'}, {'ticker': 'GS', 'relevance_score': '0.042876', 'ticker_sentiment_score': '0.027734', 'ticker_sentiment_label': 'Neutral'}, {'ticker': 'IVZ', 'relevance_score': '0.042876', 'ticker_sentiment_score': '0.147338', 'ticker_sentiment_label': 'Neutral'}, {'ticker': 'COIN', 'relevance_score': '0.042876', 'ticker_sentiment_score': '-0.185185', 'ticker_sentiment_label': 'Somewhat-Bearish'}, {'ticker': 'FOREX:USD', 'relevance_score': '0.042876', 'ticker_sentiment_score': '0.0', 'ticker_sentiment_label': 'Neutral'}, {'ticker': 'CRYPTO:BTC', 'relevance_score': '0.21193', 'ticker_sentiment_score': '0.154398', 'ticker_sentiment_label': 'Somewhat-Bullish'}, {'ticker': 'CRYPTO:ETH', 'relevance_score': '0.085629', 'ticker_sentiment_score': '0.144017', 'ticker_sentiment_label': 'Neutral'}]"
Circle confidentially files for IPO following banner year for crypto stocks,https://www.cnbc.com/2024/01/11/circle-confidentially-files-for-ipo-following-banner-year-for-crypto-.html,20240111T165910,['MacKenzie Sigalos'],"Circle, the issuer of the USDC stablecoin, announced on Thursday that it's confidentially filed paperwork with the SEC for an ...",https://image.cnbcfm.com/api/v1/image/107357180-Screenshot_2024-01-11_at_65013_AM.png?v=1704973870&w=750&h=422&vtcrop=y,CNBC,Top News,www.cnbc.com,"[{'topic': 'IPO', 'relevance_score': '0.451494'}, {'topic': 'Financial Markets', 'relevance_score': '0.818451'}, {'topic': 'Real Estate & Construction', 'relevance_score': '0.333333'}, {'topic': 'Technology', 'relevance_score': '0.333333'}, {'topic': 'Finance', 'relevance_score': '0.333333'}, {'topic': 'Blockchain', 'relevance_score': '0.682689'}]",0.209851,Somewhat-Bullish,"[{'ticker': 'MARA', 'relevance_score': '0.116348', 'ticker_sentiment_score': '0.137138', 'ticker_sentiment_label': 'Neutral'}, {'ticker': 'MSTR', 'relevance_score': '0.116348', 'ticker_sentiment_score': '0.137138', 'ticker_sentiment_label': 'Neutral'}, {'ticker': 'COIN', 'relevance_score': '0.116348', 'ticker_sentiment_score': '0.137138', 'ticker_sentiment_label': 'Neutral'}, {'ticker': 'FOREX:USD', 'relevance_score': '0.230235', 'ticker_sentiment_score': '0.132838', 'ticker_sentiment_label': 'Neutral'}, {'ticker': 'CRYPTO:BTC', 'relevance_score': '0.441698', 'ticker_sentiment_score': '0.370757', 'ticker_sentiment_label': 'Bullish'}, {'ticker': 'CRYPTO:ETH', 'relevance_score': '0.116348', 'ticker_sentiment_score': '0.064679', 'ticker_sentiment_label': 'Neutral'}]"
"US Stocks Set For Mixed Open, Cryptos Slip As Bitcoin ETF Decision Day Arrives: Analyst Says S&P 500 Was 'Due For A Break' After Red-Hot 2023 Finish - Biglari Holdings  ( NYSE:BH ) ",https://www.benzinga.com/markets/equities/24/01/36574043/us-stocks-set-for-mixed-open-cryptos-slip-as-bitcoin-etf-decision-day-arrives-analyst-says-s-p-5,20240110T123618,['Shanthi Rexaline'],"The market mood may continue to be lackluster, with index futures indicating a mixed opening on Wednesday. The potential approval of a spot Bitcoin BTC/USD exchange-traded fund is the major event traders are likely anticipating, and a green light from the SEC could spark a rally in both crypto ...",https://cdn.benzinga.com/files/images/story/2024/data-charts_0.png?width=1200&height=800&fit=crop,Benzinga,Markets,www.benzinga.com,"[{'topic': 'Life Sciences', 'relevance_score': '0.166667'}, {'topic': 'Technology', 'relevance_score': '0.166667'}, {'topic': 'Finance', 'relevance_score': '0.166667'}, {'topic': 'Blockchain', 'relevance_score': '0.158519'}, {'topic': 'Economy - Monetary', 'relevance_score': '0.310843'}, {'topic': 'Retail & Wholesale', 'relevance_score': '0.166667'}, {'topic': 'Financial Markets', 'relevance_score': '0.998947'}, {'topic': 'Manufacturing', 'relevance_score': '0.166667'}, {'topic': 'Real Estate & Construction', 'relevance_score': '0.166667'}]",-0.03888,Neutral,"[{'ticker': 'KBH', 'relevance_score': '0.110209', 'ticker_sentiment_score': '0.0', 'ticker_sentiment_label': 'Neutral'}, {'ticker': 'NVDA', 'relevance_score': '0.110209', 'ticker_sentiment_score': '0.0', 'ticker_sentiment_label': 'Neutral'}, {'ticker': 'TSLA', 'relevance_score': '0.110209', 'ticker_sentiment_score': '0.0', 'ticker_sentiment_label': 'Neutral'}, {'ticker': 'JNPR', 'relevance_score': '0.110209', 'ticker_sentiment_score': '0.020522', 'ticker_sentiment_label': 'Neutral'}, {'ticker': 'HPQ', 'relevance_score': '0.055236', 'ticker_sentiment_score': '0.018022', 'ticker_sentiment_label': 'Neutral'}, {'ticker': 'HPE', 'relevance_score': '0.110209', 'ticker_sentiment_score': '0.020522', 'ticker_sentiment_label': 'Neutral'}, {'ticker': 'IVZ', 'relevance_score': '0.055236', 'ticker_sentiment_score': '0.219949', 'ticker_sentiment_label': 'Somewhat-Bullish'}, {'ticker': 'ISRG', 'relevance_score': '0.110209', 'ticker_sentiment_score': '0.29228', 'ticker_sentiment_label': 'Somewhat-Bullish'}, {'ticker': 'COIN', 'relevance_score': '0.110209', 'ticker_sentiment_score': '0.044396', 'ticker_sentiment_label': 'Neutral'}, {'ticker': 'FOREX:JPY', 'relevance_score': '0.055236', 'ticker_sentiment_score': '-0.107846', 'ticker_sentiment_label': 'Neutral'}, {'ticker': 'FOREX:CAD', 'relevance_score': '0.055236', 'ticker_sentiment_score': '-0.107846', 'ticker_sentiment_label': 'Neutral'}, {'ticker': 'FOREX:USD', 'relevance_score': '0.110209', 'ticker_sentiment_score': '-0.042375', 'ticker_sentiment_label': 'Neutral'}, {'ticker': 'CRYPTO:BTC', 'relevance_score': '0.322374', 'ticker_sentiment_score': '0.009572', 'ticker_sentiment_label': 'Neutral'}]"
How and where to start investing in cryptocurrencies in 2024,https://cointelegraph.com/news/start-investing-cryptocurrencies-wallets-exchange,20240105T062440,['Shiraz Jagati'],Take a deep dive into the tools and strategies that crypto novices can use to navigate the digital asset realm in 2024.,"https://images.cointelegraph.com/cdn-cgi/image/format=auto,onerror=redirect,quality=90,width=1200/https://s3.cointelegraph.com/uploads/2024-01/d187cea7-0322-491d-9f36-9e581ea19778.jpg",Cointelegraph,n/a,cointelegraph.com,"[{'topic': 'Finance', 'relevance_score': '1.0'}, {'topic': 'Blockchain', 'relevance_score': '0.9545'}, {'topic': 'Financial Markets', 'relevance_score': '0.999767'}]",0.383658,Bullish,"[{'ticker': 'COIN', 'relevance_score': '0.032781', 'ticker_sentiment_score': '0.159444', 'ticker_sentiment_label': 'Somewhat-Bullish'}, {'ticker': 'FOREX:USD', 'relevance_score': '0.032781', 'ticker_sentiment_score': '0.133086', 'ticker_sentiment_label': 'Neutral'}, {'ticker': 'CRYPTO:BTC', 'relevance_score': '0.162802', 'ticker_sentiment_score': '0.259176', 'ticker_sentiment_label': 'Somewhat-Bullish'}, {'ticker': 'CRYPTO:ETH', 'relevance_score': '0.065506', 'ticker_sentiment_score': '0.145277', 'ticker_sentiment_label': 'Neutral'}, {'ticker': 'CRYPTO:NANO', 'relevance_score': '0.032781', 'ticker_sentiment_score': '0.185373', 'ticker_sentiment_label': 'Somewhat-Bullish'}]"
"How crypto adoption grew in 2023, from investing to new ventures",https://cointelegraph.com/news/crypto-adoption-2023-investing-ventures,20240104T134500,['Shiraz Jagati'],A look back at the pivotal cryptocurrency adoption milestones of 2023.,"https://images.cointelegraph.com/cdn-cgi/image/format=auto,onerror=redirect,quality=90,width=1200/https://s3.cointelegraph.com/uploads/2024-01/5b4eff38-ccbe-4962-878d-ba2182c22c34.jpg",Cointelegraph,n/a,cointelegraph.com,"[{'topic': 'Economy - Monetary', 'relevance_score': '0.451494'}, {'topic': 'Financial Markets', 'relevance_score': '0.999994'}, {'topic': 'Technology', 'relevance_score': '0.5'}, {'topic': 'Finance', 'relevance_score': '0.5'}, {'topic': 'Blockchain', 'relevance_score': '0.999326'}]",0.28287,Somewhat-Bullish,"[{'ticker': 'BLK', 'relevance_score': '0.106659', 'ticker_sentiment_score': '0.167363', 'ticker_sentiment_label': 'Somewhat-Bullish'}, {'ticker': 'MSFT', 'relevance_score': '0.02674', 'ticker_sentiment_score': '0.11053', 'ticker_sentiment_label': 'Neutral'}, {'ticker': 'SCHW', 'relevance_score': '0.02674', 'ticker_sentiment_score': '0.126964', 'ticker_sentiment_label': 'Neutral'}, {'ticker': 'CBOE', 'relevance_score': '0.02674', 'ticker_sentiment_score': '0.11053', 'ticker_sentiment_label': 'Neutral'}, {'ticker': 'AWON', 'relevance_score': '0.02674', 'ticker_sentiment_score': '0.001814', 'ticker_sentiment_label': 'Neutral'}, {'ticker': 'GS', 'relevance_score': '0.02674', 'ticker_sentiment_score': '0.11053', 'ticker_sentiment_label': 'Neutral'}, {'ticker': 'VIRT', 'relevance_score': '0.02674', 'ticker_sentiment_score': '0.126964', 'ticker_sentiment_label': 'Neutral'}, {'ticker': 'COIN', 'relevance_score': '0.02674', 'ticker_sentiment_score': '0.208027', 'ticker_sentiment_label': 'Somewhat-Bullish'}, {'ticker': 'FOREX:USD', 'relevance_score': '0.02674', 'ticker_sentiment_score': '-0.017395', 'ticker_sentiment_label': 'Neutral'}, {'ticker': 'CRYPTO:BTC', 'relevance_score': '0.1331', 'ticker_sentiment_score': '0.172976', 'ticker_sentiment_label': 'Somewhat-Bullish'}, {'ticker': 'CRYPTO:ETH', 'relevance_score': '0.053449', 'ticker_sentiment_score': '0.037983', 'ticker_sentiment_label': 'Neutral'}, {'ticker': 'CRYPTO:KCS', 'relevance_score': '0.02674', 'ticker_sentiment_score': '-0.017395', 'ticker_sentiment_label': 'Neutral'}]"
Our Pick Of The Best Cryptocurrencies Of January 2024,https://www.forbes.com/uk/advisor/investing/cryptocurrency/top-10-cryptocurrencies-january-2024/,20240102T103548,['Mark Hooson'],Top 10 Cryptocurrencies In January 2024 - Forbes Advisor UK Forbes ...,https://thumbor.forbes.com/thumbor/fit-in/x/https://www.forbes.com/uk/advisor/wp-content/uploads/2022/12/andre-francois-mckenzie-iGYiBhdNTpE-unsplash-scaled-e1670321045384.jpg,Forbes,n/a,www.forbes.com,"[{'topic': 'Finance', 'relevance_score': '1.0'}, {'topic': 'Blockchain', 'relevance_score': '1.0'}, {'topic': 'Financial Markets', 'relevance_score': '0.999982'}]",0.109482,Neutral,"[{'ticker': 'COIN', 'relevance_score': '0.03014', 'ticker_sentiment_score': '0.025833', 'ticker_sentiment_label': 'Neutral'}, {'ticker': 'AWON', 'relevance_score': '0.03014', 'ticker_sentiment_score': '0.0', 'ticker_sentiment_label': 'Neutral'}, {'ticker': 'LDNXF', 'relevance_score': '0.03014', 'ticker_sentiment_score': '0.025833', 'ticker_sentiment_label': 'Neutral'}, {'ticker': 'FOREX:EUR', 'relevance_score': '0.03014', 'ticker_sentiment_score': '0.062982', 'ticker_sentiment_label': 'Neutral'}, {'ticker': 'FOREX:USD', 'relevance_score': '0.090247', 'ticker_sentiment_score': '0.0', 'ticker_sentiment_label': 'Neutral'}, {'ticker': 'CRYPTO:BTC', 'relevance_score': '0.237551', 'ticker_sentiment_score': '0.132414', 'ticker_sentiment_label': 'Neutral'}, {'ticker': 'CRYPTO:ETH', 'relevance_score': '0.149842', 'ticker_sentiment_score': '0.054284', 'ticker_sentiment_label': 'Neutral'}, {'ticker': 'CRYPTO:DOGE', 'relevance_score': '0.060236', 'ticker_sentiment_score': '0.200548', 'ticker_sentiment_label': 'Somewhat-Bullish'}, {'ticker': 'CRYPTO:ADA', 'relevance_score': '0.149842', 'ticker_sentiment_score': '0.105179', 'ticker_sentiment_label': 'Neutral'}, {'ticker': 'CRYPTO:BNB', 'relevance_score': '0.03014', 'ticker_sentiment_score': '0.009425', 'ticker_sentiment_label': 'Neutral'}]"
"These are the boldest bitcoin predictions for 2024 - one calls for a 1,000% rally to $500,000",https://www.cnbc.com/2024/01/01/bitcoin-btc-price-predicitions-for-2024.html,20240101T011227,"['Arjun Kharpal', 'Ryan Browne']","Commentators CNBC spoke to, both inside and outside of the cryptocurrency industry, have given various bitcoin price predictions for bitcoin in 2024.",https://image.cnbcfm.com/api/v1/image/107208912-1678874096868-gettyimages-1236743873-FR_20211118_011.jpeg?v=1702544671&w=1920&h=1080,CNBC,Top News,www.cnbc.com,"[{'topic': 'Economy - Monetary', 'relevance_score': '0.928139'}, {'topic': 'Financial Markets', 'relevance_score': '0.999483'}, {'topic': 'Technology', 'relevance_score': '0.5'}, {'topic': 'Finance', 'relevance_score': '0.5'}, {'topic': 'Blockchain', 'relevance_score': '0.9545'}]",0.124045,Neutral,"[{'ticker': 'BLK', 'relevance_score': '0.055946', 'ticker_sentiment_score': '0.06723', 'ticker_sentiment_label': 'Neutral'}, {'ticker': 'BTCM', 'relevance_score': '0.02799', 'ticker_sentiment_score': '0.050193', 'ticker_sentiment_label': 'Neutral'}, {'ticker': 'SCBFF', 'relevance_score': '0.02799', 'ticker_sentiment_score': '0.098889', 'ticker_sentiment_label': 'Neutral'}, {'ticker': 'COIN', 'relevance_score': '0.055946', 'ticker_sentiment_score': '0.004009', 'ticker_sentiment_label': 'Neutral'}, {'ticker': 'FOREX:USD', 'relevance_score': '0.02799', 'ticker_sentiment_score': '0.176756', 'ticker_sentiment_label': 'Somewhat-Bullish'}, {'ticker': 'CRYPTO:BTC', 'relevance_score': '0.91444', 'ticker_sentiment_score': '0.259833', 'ticker_sentiment_label': 'Somewhat-Bullish'}]"
Countries around the world are passing crypto laws - but the U.S. is the top cop out there,https://www.cnbc.com/2023/12/31/state-of-crypto-regulation-in-2023-eu-laws-approved-but-us-is-top-cop.html,20231231T204635,"['Ryan Browne', 'MacKenzie Sigalos']","In a year that saw crypto giant Binance hit with a $4 billion settlement and high-profile SEC lawsuits, regulators overseas have been busy pursuing new laws.",https://image.cnbcfm.com/api/v1/image/107323316-16982798321698279830-31748695981-1080pnbcnews.jpg?v=1698280105&w=750&h=422&vtcrop=y,CNBC,Top News,www.cnbc.com,"[{'topic': 'Economy - Monetary', 'relevance_score': '0.158519'}, {'topic': 'Economy - Fiscal', 'relevance_score': '0.158519'}, {'topic': 'Financial Markets', 'relevance_score': '0.988915'}, {'topic': 'Finance', 'relevance_score': '1.0'}, {'topic': 'Blockchain', 'relevance_score': '1.0'}]",0.055408,Neutral,"[{'ticker': 'MA', 'relevance_score': '0.016761', 'ticker_sentiment_score': '0.012808', 'ticker_sentiment_label': 'Neutral'}, {'ticker': 'COIN', 'relevance_score': '0.116914', 'ticker_sentiment_score': '0.014092', 'ticker_sentiment_label': 'Neutral'}, {'ticker': 'FOREX:EUR', 'relevance_score': '0.033515', 'ticker_sentiment_score': '-0.117983', 'ticker_sentiment_label': 'Neutral'}, {'ticker': 'FOREX:USD', 'relevance_score': '0.033515', 'ticker_sentiment_score': '-0.05009', 'ticker_sentiment_label': 'Neutral'}, {'ticker': 'CRYPTO:BTC', 'relevance_score': '0.083658', 'ticker_sentiment_score': '0.043424', 'ticker_sentiment_label': 'Neutral'}, {'ticker': 'CRYPTO:FIL', 'relevance_score': '0.016761', 'ticker_sentiment_score': '0.09015', 'ticker_sentiment_label': 'Neutral'}, {'ticker': 'CRYPTO:UST', 'relevance_score': '0.016761', 'ticker_sentiment_score': '-0.11552', 'ticker_sentiment_label': 'Neutral'}]"
4 Cryptocurrency Predictions for 2024,https://www.fool.com/investing/2023/12/31/4-cryptocurrency-predictions-for-2024/,20231231T100600,['Sean Williams'],Big changes may be on the way for one of the world's most volatile asset classes.,https://g.foolcdn.com/image/?url=https%3A%2F%2Fg.foolcdn.com%2Feditorial%2Fimages%2F759531%2Fbitcoin-price-chart-cryptocurrency-ethereum-ripple-getty.jpg&op=resize&w=700,Motley Fool,n/a,www.fool.com,"[{'topic': 'Economy - Monetary', 'relevance_score': '0.158519'}, {'topic': 'Financial Markets', 'relevance_score': '0.995921'}, {'topic': 'Finance', 'relevance_score': '1.0'}, {'topic': 'Blockchain', 'relevance_score': '0.999855'}]",-0.021868,Neutral,"[{'ticker': 'COIN', 'relevance_score': '0.060694', 'ticker_sentiment_score': '-0.086679', 'ticker_sentiment_label': 'Neutral'}, {'ticker': 'FOREX:USD', 'relevance_score': '0.090931', 'ticker_sentiment_score': '-0.054594', 'ticker_sentiment_label': 'Neutral'}, {'ticker': 'CRYPTO:BTC', 'relevance_score': '0.432045', 'ticker_sentiment_score': '0.161168', 'ticker_sentiment_label': 'Somewhat-Bullish'}, {'ticker': 'CRYPTO:ETH', 'relevance_score': '0.060694', 'ticker_sentiment_score': '0.068', 'ticker_sentiment_label': 'Neutral'}, {'ticker': 'CRYPTO:SHIB', 'relevance_score': '0.26813', 'ticker_sentiment_score': '-0.008212', 'ticker_sentiment_label': 'Neutral'}, {'ticker': 'CRYPTO:DOGE', 'relevance_score': '0.26813', 'ticker_sentiment_score': '-0.008212', 'ticker_sentiment_label': 'Neutral'}]"
"Nifty News: Trump cashing out NFT earnings, Ordinals debate goes to 'shit' and more",https://cointelegraph.com/news/trump-cashes-out-ethereum-ordinals-debate-elon-musk-inscription,20231228T054131,['Brayden Lindrea'],Former U.S. President Donald Trump added his infamous mugshot to his NFT collection in August and has been slowly cashing out earnings in December.,"https://images.cointelegraph.com/cdn-cgi/image/format=auto,onerror=redirect,quality=90,width=1200/https://s3.cointelegraph.com/uploads/2023-12/9e3dc494-b98b-41e2-aafe-fac0975b4d63.jpg",Cointelegraph,n/a,cointelegraph.com,"[{'topic': 'Financial Markets', 'relevance_score': '0.108179'}, {'topic': 'Manufacturing', 'relevance_score': '0.5'}, {'topic': 'Finance', 'relevance_score': '0.5'}, {'topic': 'Blockchain', 'relevance_score': '0.999682'}]",-0.062683,Neutral,"[{'ticker': 'COIN', 'relevance_score': '0.118064', 'ticker_sentiment_score': '0.131626', 'ticker_sentiment_label': 'Neutral'}, {'ticker': 'TSLA', 'relevance_score': '0.039483', 'ticker_sentiment_score': '-0.122377', 'ticker_sentiment_label': 'Neutral'}, {'ticker': 'FOREX:USD', 'relevance_score': '0.039483', 'ticker_sentiment_score': '-0.010991', 'ticker_sentiment_label': 'Neutral'}, {'ticker': 'CRYPTO:BTC', 'relevance_score': '0.480142', 'ticker_sentiment_score': '-0.234306', 'ticker_sentiment_label': 'Somewhat-Bearish'}, {'ticker': 'CRYPTO:ETH', 'relevance_score': '0.511734', 'ticker_sentiment_score': '0.077586', 'ticker_sentiment_label': 'Neutral'}]"
"US Stocks Pause, Gold Rises As Dollar, Treasury Yields Fall: What's Driving Markets Wednesday?",https://www.benzinga.com/markets/equities/23/12/36402601/us-stocks-pause-gold-rises-as-dollar-treasury-yields-fall-whats-driving-markets-wednesday,20231227T190206,['Piero Cingari'],"The U.S. stock market experienced a quiet day on Wednesday, with major indices showing minimal movement amid typical year-end low volume activity. The S&P 500 hovered around 4,777 points, remaining less than one percentage point from its recent all-time highs.",https://cdn.benzinga.com/files/images/story/2023/Wall-Street_13.jpeg?width=1200&height=800&fit=crop,Benzinga,Markets,www.benzinga.com,"[{'topic': 'Life Sciences', 'relevance_score': '0.2'}, {'topic': 'Technology', 'relevance_score': '0.2'}, {'topic': 'Finance', 'relevance_score': '0.2'}, {'topic': 'Economy - Fiscal', 'relevance_score': '0.158519'}, {'topic': 'Financial Markets', 'relevance_score': '0.983783'}, {'topic': 'Manufacturing', 'relevance_score': '0.2'}, {'topic': 'Real Estate & Construction', 'relevance_score': '0.2'}]",0.23565,Somewhat-Bullish,"[{'ticker': 'MARA', 'relevance_score': '0.172713', 'ticker_sentiment_score': '0.0', 'ticker_sentiment_label': 'Neutral'}, {'ticker': 'AAPL', 'relevance_score': '0.172713', 'ticker_sentiment_score': '-0.128893', 'ticker_sentiment_label': 'Neutral'}, {'ticker': 'TSLA', 'relevance_score': '0.172713', 'ticker_sentiment_score': '0.184919', 'ticker_sentiment_label': 'Somewhat-Bullish'}, {'ticker': 'MASI', 'relevance_score': '0.172713', 'ticker_sentiment_score': '-0.128893', 'ticker_sentiment_label': 'Neutral'}, {'ticker': 'BTBT', 'relevance_score': '0.172713', 'ticker_sentiment_score': '0.0', 'ticker_sentiment_label': 'Neutral'}, {'ticker': 'IVZ', 'relevance_score': '0.172713', 'ticker_sentiment_score': '0.213464', 'ticker_sentiment_label': 'Somewhat-Bullish'}, {'ticker': 'COIN', 'relevance_score': '0.172713', 'ticker_sentiment_score': '0.0', 'ticker_sentiment_label': 'Neutral'}, {'ticker': 'FOREX:USD', 'relevance_score': '0.337427', 'ticker_sentiment_score': '0.537644', 'ticker_sentiment_label': 'Bullish'}, {'ticker': 'CRYPTO:BTC', 'relevance_score': '0.172713', 'ticker_sentiment_score': '0.473426', 'ticker_sentiment_label': 'Bullish'}, {'ticker': 'CRYPTO:ETH', 'relevance_score': '0.172713', 'ticker_sentiment_score': '0.473426', 'ticker_sentiment_label': 'Bullish'}]"
5 Best Inverse/Leveraged ETFs of Last Week,https://www.zacks.com/stock/news/2202069/5-best-inverseleveraged-etfs-of-last-week,20231226T130000,['Sanghamitra Saha'],"The optimism surrounding the likely Fed rate cuts in 2024 aided the rally in the market last week, barring some occasional dips.",https://staticx-tuner.zacks.com/images/default_article_images/default170.jpg,Zacks Commentary,n/a,www.zacks.com,"[{'topic': 'Life Sciences', 'relevance_score': '0.333333'}, {'topic': 'Financial Markets', 'relevance_score': '0.980509'}, {'topic': 'Technology', 'relevance_score': '0.333333'}, {'topic': 'Finance', 'relevance_score': '0.333333'}, {'topic': 'Blockchain', 'relevance_score': '0.310843'}]",0.355062,Bullish,"[{'ticker': 'KRTX', 'relevance_score': '0.063258', 'ticker_sentiment_score': '0.086378', 'ticker_sentiment_label': 'Neutral'}, {'ticker': 'GOOG', 'relevance_score': '0.188193', 'ticker_sentiment_score': '0.102473', 'ticker_sentiment_label': 'Neutral'}, {'ticker': 'META', 'relevance_score': '0.126119', 'ticker_sentiment_score': '0.284961', 'ticker_sentiment_label': 'Somewhat-Bullish'}, {'ticker': 'COIN', 'relevance_score': '0.126119', 'ticker_sentiment_score': '0.091776', 'ticker_sentiment_label': 'Neutral'}, {'ticker': 'BMY', 'relevance_score': '0.063258', 'ticker_sentiment_score': '0.086378', 'ticker_sentiment_label': 'Neutral'}, {'ticker': 'FOREX:USD', 'relevance_score': '0.063258', 'ticker_sentiment_score': '0.214698', 'ticker_sentiment_label': 'Somewhat-Bullish'}, {'ticker': 'CRYPTO:BTC', 'relevance_score': '0.249106', 'ticker_sentiment_score': '0.36223', 'ticker_sentiment_label': 'Bullish'}]"
How to buy Tether  ( USDT ) ,https://cointelegraph.com/news/how-to-buy-tether-usdt,20231220T135911,['Liza Savenko'],Seamlessly enter the world of crypto - find out the various ways to buy USDT and safely store it.,"https://images.cointelegraph.com/cdn-cgi/image/format=auto,onerror=redirect,quality=90,width=1200/https://s3.cointelegraph.com/uploads/2023-12/b4b6844c-a4d1-410c-8c48-045ccec7abb5.jpg",Cointelegraph,n/a,cointelegraph.com,"[{'topic': 'Retail & Wholesale', 'relevance_score': '0.5'}, {'topic': 'Financial Markets', 'relevance_score': '0.999999'}, {'topic': 'Finance', 'relevance_score': '0.5'}, {'topic': 'Blockchain', 'relevance_score': '1.0'}, {'topic': 'Economy - Macro', 'relevance_score': '0.158519'}]",0.283721,Somewhat-Bullish,"[{'ticker': 'COIN', 'relevance_score': '0.075794', 'ticker_sentiment_score': '0.009184', 'ticker_sentiment_label': 'Neutral'}, {'ticker': 'WMT', 'relevance_score': '0.025299', 'ticker_sentiment_score': '0.238478', 'ticker_sentiment_label': 'Somewhat-Bullish'}, {'ticker': 'FOREX:UYU', 'relevance_score': '0.025299', 'ticker_sentiment_score': '0.116295', 'ticker_sentiment_label': 'Neutral'}, {'ticker': 'FOREX:MXN', 'relevance_score': '0.025299', 'ticker_sentiment_score': '0.116295', 'ticker_sentiment_label': 'Neutral'}, {'ticker': 'FOREX:EUR', 'relevance_score': '0.025299', 'ticker_sentiment_score': '0.116295', 'ticker_sentiment_label': 'Neutral'}, {'ticker': 'FOREX:CNY', 'relevance_score': '0.025299', 'ticker_sentiment_score': '0.116295', 'ticker_sentiment_label': 'Neutral'}, {'ticker': 'FOREX:USD', 'relevance_score': '0.075794', 'ticker_sentiment_score': '0.144116', 'ticker_sentiment_label': 'Neutral'}, {'ticker': 'CRYPTO:BTC', 'relevance_score': '0.025299', 'ticker_sentiment_score': '0.105926', 'ticker_sentiment_label': 'Neutral'}, {'ticker': 'CRYPTO:ETH', 'relevance_score': '0.025299', 'ticker_sentiment_score': '0.105926', 'ticker_sentiment_label': 'Neutral'}, {'ticker': 'CRYPTO:UNI', 'relevance_score': '0.025299', 'ticker_sentiment_score': '0.0', 'ticker_sentiment_label': 'Neutral'}, {'ticker': 'CRYPTO:CAKE', 'relevance_score': '0.025299', 'ticker_sentiment_score': '0.0', 'ticker_sentiment_label': 'Neutral'}]"
"From AI and inflation to Elon Musk and Taylor Swift, the business stories that dominated 2023",https://apnews.com/article/inflation-ai-musk-unions-homes-taylor-swift-bfead409df9b22fc9b688a48efc1010f,20231220T080000,"['KEN SWEET', 'PAUL WISEMAN']","Artificial intelligence went mainstream - for good or ill. Labor unions capitalized on their growing might to win more generous pay and benefits. Elon Musk renamed and rebranded the social media platform Twitter, removed guardrails against phony or obscene posts and ranted profanely when ...",https://dims.apnews.com/dims4/default/14a3f61/2147483647/strip/true/crop/8640x5755+0+2/resize/599x399!/quality/90/?url=https%3A%2F%2Fassets.apnews.com%2Fdf%2F75%2F9c60ffb6b43f1dd6c4efd37cd5e9%2F1aa582cac76f485aa3a750ba7a5d915c,Associated Press,Markets,apnews.com,"[{'topic': 'Life Sciences', 'relevance_score': '0.25'}, {'topic': 'Technology', 'relevance_score': '0.25'}, {'topic': 'Finance', 'relevance_score': '0.25'}, {'topic': 'Blockchain', 'relevance_score': '0.310843'}, {'topic': 'Economy - Monetary', 'relevance_score': '0.999937'}, {'topic': 'Economy - Fiscal', 'relevance_score': '0.158519'}, {'topic': 'Financial Markets', 'relevance_score': '0.999162'}, {'topic': 'Manufacturing', 'relevance_score': '0.25'}]",-0.024561,Neutral,"[{'ticker': 'NVDA', 'relevance_score': '0.020921', 'ticker_sentiment_score': '0.130211', 'ticker_sentiment_label': 'Neutral'}, {'ticker': 'FRC', 'relevance_score': '0.020921', 'ticker_sentiment_score': '-0.201676', 'ticker_sentiment_label': 'Somewhat-Bearish'}, {'ticker': 'GM', 'relevance_score': '0.020921', 'ticker_sentiment_score': '0.021759', 'ticker_sentiment_label': 'Neutral'}, {'ticker': 'JPM', 'relevance_score': '0.020921', 'ticker_sentiment_score': '-0.184876', 'ticker_sentiment_label': 'Somewhat-Bearish'}, {'ticker': 'MS', 'relevance_score': '0.020921', 'ticker_sentiment_score': '0.084004', 'ticker_sentiment_label': 'Neutral'}, {'ticker': 'NVO', 'relevance_score': '0.020921', 'ticker_sentiment_score': '0.130211', 'ticker_sentiment_label': 'Neutral'}, {'ticker': 'CCZ', 'relevance_score': '0.020921', 'ticker_sentiment_score': '0.021001', 'ticker_sentiment_label': 'Neutral'}, {'ticker': 'SBNY', 'relevance_score': '0.041828', 'ticker_sentiment_score': '-0.202848', 'ticker_sentiment_label': 'Somewhat-Bearish'}, {'ticker': 'COIN', 'relevance_score': '0.020921', 'ticker_sentiment_score': '-0.135171', 'ticker_sentiment_label': 'Neutral'}, {'ticker': 'FOREX:USD', 'relevance_score': '0.020921', 'ticker_sentiment_score': '0.130211', 'ticker_sentiment_label': 'Neutral'}, {'ticker': 'CRYPTO:BTC', 'relevance_score': '0.041828', 'ticker_sentiment_score': '0.132441', 'ticker_sentiment_label': 'Neutral'}]"
Bitcoin whales aim to reclaim $42K after BTC price dives over 3%,https://cointelegraph.com/news/bitcoin-whales-aim-reclaim-42k-btc-price-dives-over-3,20231215T165227,['William Suberg'],Bitcoin bulls face a battle for support on multiple timeframes as BTC price action stays volatile.,https://s3.cointelegraph.com/uploads/2023-12/39e5ac3f-0e3f-42b6-93a1-7b6af88725b5.png,Cointelegraph,n/a,cointelegraph.com,"[{'topic': 'Finance', 'relevance_score': '1.0'}, {'topic': 'Blockchain', 'relevance_score': '0.158519'}, {'topic': 'Financial Markets', 'relevance_score': '0.714479'}]",0.074996,Neutral,"[{'ticker': 'COIN', 'relevance_score': '0.205807', 'ticker_sentiment_score': '-0.083818', 'ticker_sentiment_label': 'Neutral'}, {'ticker': 'FOREX:USD', 'relevance_score': '0.205807', 'ticker_sentiment_score': '-0.043899', 'ticker_sentiment_label': 'Neutral'}, {'ticker': 'CRYPTO:BTC', 'relevance_score': '0.75957', 'ticker_sentiment_score': '-0.068548', 'ticker_sentiment_label': 'Neutral'}]"
"Bitcoin, Ethereum, Dogecoin Surge As Fed Predicts 2024 Rate Cuts: Analyst Foresees 'Bounce' For King Crypto, Predicts $50K Levels",https://www.benzinga.com/markets/cryptocurrency/23/12/36229454/bitcoin-ethereum-dogecoin-surge-as-fed-predicts-2024-rate-cuts-analyst-foresees-bounce-for,20231214T030744,['Mehab Qureshi'],"The cryptocurrency market experienced mixed trading on Wednesday evening, largely influenced by the Federal Reserve's ( Fed ) announcement of potential interest rate cuts in the upcoming year. What Happened: Bitcoin witnessed a significant rebound, surpassing $43,000 on Wednesday, and again ...",https://cdn.benzinga.com/files/images/story/2023/Cryptocurrency-Photo-by-FellowNeko-on-Sh_1.jpeg?width=1200&height=800&fit=crop,Benzinga,Markets,www.benzinga.com,"[{'topic': 'Life Sciences', 'relevance_score': '0.25'}, {'topic': 'Technology', 'relevance_score': '0.25'}, {'topic': 'Finance', 'relevance_score': '0.25'}, {'topic': 'Blockchain', 'relevance_score': '0.682689'}, {'topic': 'Economy - Monetary', 'relevance_score': '0.999682'}, {'topic': 'Financial Markets', 'relevance_score': '0.905476'}, {'topic': 'Real Estate & Construction', 'relevance_score': '0.25'}, {'topic': 'Economy - Macro', 'relevance_score': '0.158519'}]",0.1344,Neutral,"[{'ticker': 'MARA', 'relevance_score': '0.09989', 'ticker_sentiment_score': '0.237174', 'ticker_sentiment_label': 'Somewhat-Bullish'}, {'ticker': 'MSTR', 'relevance_score': '0.09989', 'ticker_sentiment_score': '0.237174', 'ticker_sentiment_label': 'Somewhat-Bullish'}, {'ticker': 'RIOT', 'relevance_score': '0.09989', 'ticker_sentiment_score': '0.237174', 'ticker_sentiment_label': 'Somewhat-Bullish'}, {'ticker': 'CLSK', 'relevance_score': '0.09989', 'ticker_sentiment_score': '0.237174', 'ticker_sentiment_label': 'Somewhat-Bullish'}, {'ticker': 'COIN', 'relevance_score': '0.09989', 'ticker_sentiment_score': '0.237174', 'ticker_sentiment_label': 'Somewhat-Bullish'}, {'ticker': 'FOREX:USD', 'relevance_score': '0.050044', 'ticker_sentiment_score': '0.085932', 'ticker_sentiment_label': 'Neutral'}, {'ticker': 'CRYPTO:BTC', 'relevance_score': '0.469744', 'ticker_sentiment_score': '0.344682', 'ticker_sentiment_label': 'Somewhat-Bullish'}]"
Bitcoin to surge to $80K as stablecoins overtake Visa in 2024: Bitwise,https://cointelegraph.com/news/bitcoin-price-80k-stablecoin-growth-bitwise-invest-crypto-prediction,20231214T015414,['Tom Mitchelhill'],"Bitwise isn't alone in its bullishness on stablecoins with Circle CEO Jeremy Allaire predicting the explosive growth of the sector due to a ""huge appetite"" for digital dollars.","https://images.cointelegraph.com/cdn-cgi/image/format=auto,onerror=redirect,quality=90,width=1200/https://s3.cointelegraph.com/uploads/2023-12/51d5109c-3ac1-48e7-87af-88c3eaa6ecc5.jpg",Cointelegraph,n/a,cointelegraph.com,"[{'topic': 'Financial Markets', 'relevance_score': '0.818451'}, {'topic': 'Earnings', 'relevance_score': '0.108179'}, {'topic': 'Finance', 'relevance_score': '1.0'}, {'topic': 'Blockchain', 'relevance_score': '0.9545'}]",0.241037,Somewhat-Bullish,"[{'ticker': 'COIN', 'relevance_score': '0.092927', 'ticker_sentiment_score': '0.272009', 'ticker_sentiment_label': 'Somewhat-Bullish'}, {'ticker': 'FOREX:USD', 'relevance_score': '0.092927', 'ticker_sentiment_score': '-0.151635', 'ticker_sentiment_label': 'Somewhat-Bearish'}, {'ticker': 'CRYPTO:BTC', 'relevance_score': '0.440549', 'ticker_sentiment_score': '0.413579', 'ticker_sentiment_label': 'Bullish'}, {'ticker': 'CRYPTO:ETH', 'relevance_score': '0.092927', 'ticker_sentiment_score': '0.134807', 'ticker_sentiment_label': 'Neutral'}]"
"2024: Ready For A Crypto Craze? Bitwise's Predictions For Bitcoin, Taylor Swift And More",https://www.benzinga.com/markets/cryptocurrency/23/12/36221955/2024-ready-for-a-crypto-craze-bitwises-predictions-for-bitcoin-taylor-swift-and-more,20231213T203035,['Murtuza Merchant'],"2024 could be a year of significant milestones for the cryptocurrency industry. Crypto index fund manager Bitwise on Wednesday laid out key trends to look forward to, including Bitcoin's BTC/USD reaching new heights as well as the emergence of artificial intelligence ( AI ) assistants using ...",https://cdn.benzinga.com/files/images/story/2023/12/13/bitcoin_204.jpg?width=1200&height=800&fit=crop,Benzinga,Markets,www.benzinga.com,"[{'topic': 'Financial Markets', 'relevance_score': '0.875462'}, {'topic': 'Earnings', 'relevance_score': '0.108179'}, {'topic': 'Finance', 'relevance_score': '1.0'}, {'topic': 'Blockchain', 'relevance_score': '0.9545'}]",0.303363,Somewhat-Bullish,"[{'ticker': 'COIN', 'relevance_score': '0.142144', 'ticker_sentiment_score': '0.314302', 'ticker_sentiment_label': 'Somewhat-Bullish'}, {'ticker': 'JPM', 'relevance_score': '0.142144', 'ticker_sentiment_score': '0.243052', 'ticker_sentiment_label': 'Somewhat-Bullish'}, {'ticker': 'FOREX:USD', 'relevance_score': '0.211806', 'ticker_sentiment_score': '0.313568', 'ticker_sentiment_label': 'Somewhat-Bullish'}, {'ticker': 'CRYPTO:BTC', 'relevance_score': '0.408949', 'ticker_sentiment_score': '0.373721', 'ticker_sentiment_label': 'Bullish'}, {'ticker': 'CRYPTO:ETH', 'relevance_score': '0.279813', 'ticker_sentiment_score': '0.242666', 'ticker_sentiment_label': 'Somewhat-Bullish'}]"
Bitnomial Becomes First Crypto-Native Exchange to be Granted Full Set of CFTC Derivatives Licenses,https://www.prnewswire.com/news-releases/bitnomial-becomes-first-crypto-native-exchange-to-be-granted-full-set-of-cftc-derivatives-licenses-302014605.html,20231213T200800,['Bitnomial Inc.'],This Rare Complete Set of CFTC Licenses Allows Bitnomial to Offer Margined Physically Delivered Digital Asset Futures and Options,https://mma.prnewswire.com/media/2299414/Bitnomial_Logo.jpg?p=facebook,PR Newswire,n/a,www.prnewswire.com,"[{'topic': 'Finance', 'relevance_score': '1.0'}, {'topic': 'Financial Markets', 'relevance_score': '0.999995'}]",0.324258,Somewhat-Bullish,"[{'ticker': 'COIN', 'relevance_score': '0.047371', 'ticker_sentiment_score': '0.080944', 'ticker_sentiment_label': 'Neutral'}, {'ticker': 'FOREX:USD', 'relevance_score': '0.094576', 'ticker_sentiment_score': '0.132977', 'ticker_sentiment_label': 'Neutral'}, {'ticker': 'CRYPTO:BTC', 'relevance_score': '0.233556', 'ticker_sentiment_score': '0.357825', 'ticker_sentiment_label': 'Bullish'}]"
Our Pick Of The Best Cryptocurrencies Of December 2023,https://www.forbes.com/uk/advisor/investing/cryptocurrency/top-10-cryptocurrencies-december-2023/,20231212T132724,['Mark Hooson'],Top 10 Cryptocurrencies In December 2023 - Forbes Advisor UK Forbes ...,https://thumbor.forbes.com/thumbor/fit-in/x/https://www.forbes.com/uk/advisor/wp-content/uploads/2022/12/andre-francois-mckenzie-iGYiBhdNTpE-unsplash-scaled-e1670321045384.jpg,Forbes,n/a,www.forbes.com,"[{'topic': 'Finance', 'relevance_score': '1.0'}, {'topic': 'Blockchain', 'relevance_score': '1.0'}, {'topic': 'Financial Markets', 'relevance_score': '0.999982'}]",0.109482,Neutral,"[{'ticker': 'COIN', 'relevance_score': '0.030178', 'ticker_sentiment_score': '0.025837', 'ticker_sentiment_label': 'Neutral'}, {'ticker': 'AWON', 'relevance_score': '0.030178', 'ticker_sentiment_score': '0.0', 'ticker_sentiment_label': 'Neutral'}, {'ticker': 'LDNXF', 'relevance_score': '0.030178', 'ticker_sentiment_score': '0.025837', 'ticker_sentiment_label': 'Neutral'}, {'ticker': 'FOREX:EUR', 'relevance_score': '0.030178', 'ticker_sentiment_score': '0.062994', 'ticker_sentiment_label': 'Neutral'}, {'ticker': 'FOREX:USD', 'relevance_score': '0.09036', 'ticker_sentiment_score': '0.0', 'ticker_sentiment_label': 'Neutral'}, {'ticker': 'CRYPTO:BTC', 'relevance_score': '0.237842', 'ticker_sentiment_score': '0.132543', 'ticker_sentiment_label': 'Neutral'}, {'ticker': 'CRYPTO:ETH', 'relevance_score': '0.150029', 'ticker_sentiment_score': '0.054325', 'ticker_sentiment_label': 'Neutral'}, {'ticker': 'CRYPTO:DOGE', 'relevance_score': '0.060312', 'ticker_sentiment_score': '0.200558', 'ticker_sentiment_label': 'Somewhat-Bullish'}, {'ticker': 'CRYPTO:ADA', 'relevance_score': '0.150029', 'ticker_sentiment_score': '0.105258', 'ticker_sentiment_label': 'Neutral'}, {'ticker': 'CRYPTO:BNB', 'relevance_score': '0.030178', 'ticker_sentiment_score': '0.009426', 'ticker_sentiment_label': 'Neutral'}]"
"U.S. Dollar 'Collapse'-Bitcoin The Only 'Obvious Competitor' As Fed Money Printing Predicted To Trigger An Ethereum, XRP And Crypto Price Surge",https://www.forbes.com/sites/digital-assets/2023/12/09/us-dollar-collapse-bitcoin-the-only-obvious-competitor-as-fed-money-printing-predicted-to-trigger-an-ethereum-xrp-and-crypto-price-surge/,20231209T133059,['Billy Bambrough'],"Bitcoin and cryptocurrencies-including ethereum and XRP -have rocketed back into the limelight this year amid predictions the Federal Reserve and China could be about to ""flood the world"" with trillions of dollars.",https://imageio.forbes.com/specials-images/imageserve/1177374410/0x0.jpg?format=jpg&height=900&width=1600&fit=bounds,Forbes,n/a,www.forbes.com,"[{'topic': 'Economy - Monetary', 'relevance_score': '0.9545'}, {'topic': 'Finance', 'relevance_score': '1.0'}, {'topic': 'Blockchain', 'relevance_score': '0.682689'}]",0.012174,Neutral,"[{'ticker': 'GS', 'relevance_score': '0.063594', 'ticker_sentiment_score': '0.074034', 'ticker_sentiment_label': 'Neutral'}, {'ticker': 'COIN', 'relevance_score': '0.063594', 'ticker_sentiment_score': '0.0', 'ticker_sentiment_label': 'Neutral'}, {'ticker': 'FOREX:USD', 'relevance_score': '0.31006', 'ticker_sentiment_score': '-0.159757', 'ticker_sentiment_label': 'Somewhat-Bearish'}, {'ticker': 'CRYPTO:BTC', 'relevance_score': '0.661658', 'ticker_sentiment_score': '0.123139', 'ticker_sentiment_label': 'Neutral'}, {'ticker': 'CRYPTO:ETH', 'relevance_score': '0.126784', 'ticker_sentiment_score': '0.056698', 'ticker_sentiment_label': 'Neutral'}, {'ticker': 'CRYPTO:XRP', 'relevance_score': '0.126784', 'ticker_sentiment_score': '0.056698', 'ticker_sentiment_label': 'Neutral'}]"
Robinhood launches crypto trading service in the EU,https://www.cnbc.com/2023/12/07/robinhood-launches-crypto-trading-service-in-the-eu.html,20231207T101510,['Ryan Browne'],"Robinhood on Thursday launched its crypto service in the European Union, allowing users to buy and sell a range of over 25 digital currencies.",https://image.cnbcfm.com/api/v1/image/107343835-17018705111701870504-32335286249-1080pnbcnews.jpg?v=1701870510&w=750&h=422&vtcrop=y,CNBC,Finance,www.cnbc.com,"[{'topic': 'Finance', 'relevance_score': '1.0'}, {'topic': 'Blockchain', 'relevance_score': '0.838487'}, {'topic': 'Financial Markets', 'relevance_score': '0.87644'}]",0.069247,Neutral,"[{'ticker': 'COIN', 'relevance_score': '0.063091', 'ticker_sentiment_score': '0.010139', 'ticker_sentiment_label': 'Neutral'}, {'ticker': 'FOREX:EUR', 'relevance_score': '0.063091', 'ticker_sentiment_score': '0.085033', 'ticker_sentiment_label': 'Neutral'}, {'ticker': 'FOREX:USD', 'relevance_score': '0.063091', 'ticker_sentiment_score': '0.085033', 'ticker_sentiment_label': 'Neutral'}, {'ticker': 'CRYPTO:BTC', 'relevance_score': '0.187705', 'ticker_sentiment_score': '0.281967', 'ticker_sentiment_label': 'Somewhat-Bullish'}, {'ticker': 'CRYPTO:ETH', 'relevance_score': '0.063091', 'ticker_sentiment_score': '0.206272', 'ticker_sentiment_label': 'Somewhat-Bullish'}, {'ticker': 'CRYPTO:ADA', 'relevance_score': '0.063091', 'ticker_sentiment_score': '0.206272', 'ticker_sentiment_label': 'Somewhat-Bullish'}]"
"Bitcoin price hit 2023 high, so why are retail traders waiting on the sidelines?",https://cointelegraph.com/news/bitcoin-price-hit-2023-high-why-are-retail-traders-on-sidelines,20231205T215853,['Marcel Pechman'],Bitcoin price keeps going up but retail traders are not piling in yet. Cointelegraph explores why.,https://s3.cointelegraph.com/uploads/2023-12/b8628c04-ade5-4543-9a9d-06f03044f733.png,Cointelegraph,n/a,cointelegraph.com,"[{'topic': 'Financial Markets', 'relevance_score': '0.158519'}, {'topic': 'Technology', 'relevance_score': '0.5'}, {'topic': 'Finance', 'relevance_score': '0.5'}, {'topic': 'Blockchain', 'relevance_score': '0.576289'}]",0.155086,Somewhat-Bullish,"[{'ticker': 'GOOG', 'relevance_score': '0.110717', 'ticker_sentiment_score': '0.011231', 'ticker_sentiment_label': 'Neutral'}, {'ticker': 'TRMNF', 'relevance_score': '0.055492', 'ticker_sentiment_score': '0.030008', 'ticker_sentiment_label': 'Neutral'}, {'ticker': 'COIN', 'relevance_score': '0.110717', 'ticker_sentiment_score': '0.033822', 'ticker_sentiment_label': 'Neutral'}, {'ticker': 'FOREX:CNY', 'relevance_score': '0.055492', 'ticker_sentiment_score': '0.106864', 'ticker_sentiment_label': 'Neutral'}, {'ticker': 'FOREX:USD', 'relevance_score': '0.110717', 'ticker_sentiment_score': '0.004651', 'ticker_sentiment_label': 'Neutral'}, {'ticker': 'CRYPTO:BTC', 'relevance_score': '0.323785', 'ticker_sentiment_score': '0.227902', 'ticker_sentiment_label': 'Somewhat-Bullish'}, {'ticker': 'CRYPTO:ETH', 'relevance_score': '0.110717', 'ticker_sentiment_score': '0.181713', 'ticker_sentiment_label': 'Somewhat-Bullish'}]"
"Coinbase CEO Reveals Shock U.S. Dollar Prediction As Bitcoin Price Smashes $40,000, Helping Ethereum, XRP And Crypto Soar",https://www.forbes.com/sites/digital-assets/2023/12/05/coinbase-ceo-reveals-shock-us-dollar-prediction-as-bitcoin-price-smashes-40000-helping-ethereum-xrp-and-crypto-soar/,20231205T133048,['Billy Bambrough'],"Coinbase CEO Reveals Shock U.S. Dollar Prediction As Bitcoin Price Smashes $40,000, Helping Ethereum, XRP And ... Forbes ...",https://imageio.forbes.com/specials-images/imageserve/652281c5904439112e9cb52c/0x0.jpg?format=jpg&height=900&width=1600&fit=bounds,Forbes,n/a,www.forbes.com,"[{'topic': 'Economy - Monetary', 'relevance_score': '0.769861'}, {'topic': 'Manufacturing', 'relevance_score': '0.5'}, {'topic': 'Mergers & Acquisitions', 'relevance_score': '0.158519'}, {'topic': 'Finance', 'relevance_score': '0.5'}, {'topic': 'Blockchain', 'relevance_score': '0.451494'}]",-0.063337,Neutral,"[{'ticker': 'COIN', 'relevance_score': '0.136113', 'ticker_sentiment_score': '-0.024119', 'ticker_sentiment_label': 'Neutral'}, {'ticker': 'TSLA', 'relevance_score': '0.068306', 'ticker_sentiment_score': '-0.231037', 'ticker_sentiment_label': 'Somewhat-Bearish'}, {'ticker': 'FOREX:EUR', 'relevance_score': '0.068306', 'ticker_sentiment_score': '-0.164676', 'ticker_sentiment_label': 'Somewhat-Bearish'}, {'ticker': 'FOREX:USD', 'relevance_score': '0.392948', 'ticker_sentiment_score': '0.013974', 'ticker_sentiment_label': 'Neutral'}, {'ticker': 'CRYPTO:BTC', 'relevance_score': '0.451494', 'ticker_sentiment_score': '-0.027349', 'ticker_sentiment_label': 'Neutral'}, {'ticker': 'CRYPTO:ETH', 'relevance_score': '0.068306', 'ticker_sentiment_score': '0.142533', 'ticker_sentiment_label': 'Neutral'}, {'ticker': 'CRYPTO:XRP', 'relevance_score': '0.068306', 'ticker_sentiment_score': '0.142533', 'ticker_sentiment_label': 'Neutral'}]"
"Bitcoin Can Uphold Western Values In Digital Realm, Says Coinbase CEO Brian Armstrong - Coinbase Glb  ( NASDAQ:COIN ) ",https://www.benzinga.com/markets/cryptocurrency/23/12/36073702/bitcoin-can-uphold-western-values-in-digital-realm-says-coinbase-ceo-brian-armstrong,20231204T183046,['Murtuza Merchant'],"In a thought-provoking statement, Coinbase Inc. COIN CEO Brian Armstrong has proposed that Bitcoin BTC/USD could be pivotal in extending the influence of Western civilization, particularly in defending the long-term interests of the American dollar.",https://cdn.benzinga.com/files/images/story/2023/12/04/coinbase_shutter.jpg?width=1200&height=800&fit=crop,Benzinga,Markets,www.benzinga.com,"[{'topic': 'Economy - Monetary', 'relevance_score': '0.310843'}, {'topic': 'Finance', 'relevance_score': '1.0'}, {'topic': 'Blockchain', 'relevance_score': '0.576289'}]",0.08333,Neutral,"[{'ticker': 'COIN', 'relevance_score': '0.323078', 'ticker_sentiment_score': '0.126928', 'ticker_sentiment_label': 'Neutral'}, {'ticker': 'FOREX:USD', 'relevance_score': '0.468029', 'ticker_sentiment_score': '0.134719', 'ticker_sentiment_label': 'Neutral'}, {'ticker': 'CRYPTO:BTC', 'relevance_score': '0.595343', 'ticker_sentiment_score': '0.247773', 'ticker_sentiment_label': 'Somewhat-Bullish'}]"
"Stocks Set For A Weak Open, Gold Hits Record Highs, Bitcoin Soars Past $40,000",https://markets.businessinsider.com/news/stocks/stocks-set-to-for-a-weak-open-gold-hits-record-highs-bitcoin-soars-past-40-000-1032870660,20231204T143729,['Piero Cingari'],"Stocks Set For A Weak Open, Gold Hits Record Highs, Bitcoin Soars Past $40000 - Markets Insider ...",https://cdn.benzinga.com/files/imagecache/1024x768xUP/images/story/2023/wall-street-chart-shutter3_2.jpeg,Business Insider,GoogleRSS,markets.businessinsider.com,"[{'topic': 'Economy - Monetary', 'relevance_score': '0.451494'}, {'topic': 'Financial Markets', 'relevance_score': '0.905476'}, {'topic': 'Earnings', 'relevance_score': '0.158519'}, {'topic': 'Energy & Transportation', 'relevance_score': '0.333333'}, {'topic': 'Technology', 'relevance_score': '0.333333'}, {'topic': 'Finance', 'relevance_score': '0.333333'}]",0.00243,Neutral,"[{'ticker': 'ALK', 'relevance_score': '0.090816', 'ticker_sentiment_score': '0.010439', 'ticker_sentiment_label': 'Neutral'}, {'ticker': 'SPOT', 'relevance_score': '0.090816', 'ticker_sentiment_score': '0.010439', 'ticker_sentiment_label': 'Neutral'}, {'ticker': 'HA', 'relevance_score': '0.18046', 'ticker_sentiment_score': '0.014546', 'ticker_sentiment_label': 'Neutral'}, {'ticker': 'IVZ', 'relevance_score': '0.090816', 'ticker_sentiment_score': '0.066185', 'ticker_sentiment_label': 'Neutral'}, {'ticker': 'UBER', 'relevance_score': '0.090816', 'ticker_sentiment_score': '0.010439', 'ticker_sentiment_label': 'Neutral'}, {'ticker': 'COIN', 'relevance_score': '0.090816', 'ticker_sentiment_score': '0.010439', 'ticker_sentiment_label': 'Neutral'}, {'ticker': 'SAIC', 'relevance_score': '0.090816', 'ticker_sentiment_score': '0.010439', 'ticker_sentiment_label': 'Neutral'}, {'ticker': 'FOREX:USD', 'relevance_score': '0.090816', 'ticker_sentiment_score': '0.111151', 'ticker_sentiment_label': 'Neutral'}, {'ticker': 'CRYPTO:BTC', 'relevance_score': '0.351807', 'ticker_sentiment_score': '0.327607', 'ticker_sentiment_label': 'Somewhat-Bullish'}, {'ticker': 'CRYPTO:ETH', 'relevance_score': '0.090816', 'ticker_sentiment_score': '0.00855', 'ticker_sentiment_label': 'Neutral'}, {'ticker': 'CRYPTO:DOGE', 'relevance_score': '0.090816', 'ticker_sentiment_score': '0.00855', 'ticker_sentiment_label': 'Neutral'}]"
"Stocks Set To For A Weak Open, Gold Hits Record Highs, Bitcoin Soars Past $40,000 - Alaska Air Gr  ( NYSE:ALK ) ",https://www.benzinga.com/markets/cryptocurrency/23/12/36069462/stocks-set-to-for-a-weak-open-gold-hits-record-highs-bitcoin-soars-past-40-000,20231204T141359,['Piero Cingari'],"As the first week of December kicked off, U.S. stock futures are set to open on a weaker note after enjoying substantial gains both the prior Friday and throughout November. Investors continue to assess the outlook for monetary policy following Fed Chair Jerome Powell's remarks on Friday.",https://cdn.benzinga.com/files/images/story/2023/wall-street-chart-shutter3_2.jpeg?width=1200&height=800&fit=crop,Benzinga,Markets,www.benzinga.com,"[{'topic': 'Economy - Monetary', 'relevance_score': '0.451494'}, {'topic': 'Financial Markets', 'relevance_score': '0.94762'}, {'topic': 'Earnings', 'relevance_score': '0.158519'}, {'topic': 'Energy & Transportation', 'relevance_score': '0.333333'}, {'topic': 'Technology', 'relevance_score': '0.333333'}, {'topic': 'Finance', 'relevance_score': '0.333333'}]",0.0,Neutral,"[{'ticker': 'ALK', 'relevance_score': '0.190417', 'ticker_sentiment_score': '-0.04384', 'ticker_sentiment_label': 'Neutral'}, {'ticker': 'SPOT', 'relevance_score': '0.190417', 'ticker_sentiment_score': '0.0', 'ticker_sentiment_label': 'Neutral'}, {'ticker': 'HA', 'relevance_score': '0.370143', 'ticker_sentiment_score': '-0.07355', 'ticker_sentiment_label': 'Neutral'}, {'ticker': 'IVZ', 'relevance_score': '0.095899', 'ticker_sentiment_score': '0.067216', 'ticker_sentiment_label': 'Neutral'}, {'ticker': 'UBER', 'relevance_score': '0.190417', 'ticker_sentiment_score': '0.0', 'ticker_sentiment_label': 'Neutral'}, {'ticker': 'COIN', 'relevance_score': '0.190417', 'ticker_sentiment_score': '0.0', 'ticker_sentiment_label': 'Neutral'}, {'ticker': 'SAIC', 'relevance_score': '0.190417', 'ticker_sentiment_score': '0.0', 'ticker_sentiment_label': 'Neutral'}, {'ticker': 'FOREX:USD', 'relevance_score': '0.190417', 'ticker_sentiment_score': '0.305095', 'ticker_sentiment_label': 'Somewhat-Bullish'}, {'ticker': 'CRYPTO:BTC', 'relevance_score': '0.282234', 'ticker_sentiment_score': '0.493205', 'ticker_sentiment_label': 'Bullish'}]"
Coinbase CEO: Bitcoin 'May Be Key to Extending Western Civilization',https://decrypt.co/208478/coinbase-ceo-bitcoin-may-be-key-to-extending-western-civilization,20231204T130603,['Stephen Graves'],"In a series of Twitter posts, Brian Armstrong argued that Bitcoin could provide an alternative to the reserve currency as an ""antidote to inflation."" ...",https://cdn.decrypt.co/resize/1024/height/512/wp-content/uploads/2023/12/brian-armstrong-bitcoin-gID_7.jpg,Decrypt.co,n/a,decrypt.co,"[{'topic': 'Economy - Monetary', 'relevance_score': '0.310843'}, {'topic': 'Financial Markets', 'relevance_score': '0.310843'}, {'topic': 'Finance', 'relevance_score': '1.0'}, {'topic': 'Blockchain', 'relevance_score': '0.576289'}]",0.149616,Neutral,"[{'ticker': 'COIN', 'relevance_score': '0.100308', 'ticker_sentiment_score': '-0.083941', 'ticker_sentiment_label': 'Neutral'}, {'ticker': 'FOREX:CNY', 'relevance_score': '0.100308', 'ticker_sentiment_score': '-0.04028', 'ticker_sentiment_label': 'Neutral'}, {'ticker': 'FOREX:EUR', 'relevance_score': '0.100308', 'ticker_sentiment_score': '-0.04028', 'ticker_sentiment_label': 'Neutral'}, {'ticker': 'FOREX:USD', 'relevance_score': '0.199037', 'ticker_sentiment_score': '0.26905', 'ticker_sentiment_label': 'Somewhat-Bullish'}, {'ticker': 'CRYPTO:BTC', 'relevance_score': '0.47147', 'ticker_sentiment_score': '0.433162', 'ticker_sentiment_label': 'Bullish'}]"
Bitcoin is of 'national strategic importance' says US Space Force officer,https://cointelegraph.com/news/bitcoin-national-strategic-importance-space-force-major-jason-lowery,20231204T035346,['Brayden Lindrea'],U.S. Space Force Major Jason Lowery wants the U.S. military to prioritize the investigation of proof-of-work systems like Bitcoin for the country's defense.,"https://images.cointelegraph.com/cdn-cgi/image/format=auto,onerror=redirect,quality=90,width=1200/https://s3.cointelegraph.com/uploads/2023-10/4245d527-d7ce-41ec-89e5-a6872019a948.jpg",Cointelegraph,n/a,cointelegraph.com,"[{'topic': 'Economy - Monetary', 'relevance_score': '0.310843'}, {'topic': 'Finance', 'relevance_score': '1.0'}, {'topic': 'Blockchain', 'relevance_score': '0.682689'}]",0.098113,Neutral,"[{'ticker': 'COIN', 'relevance_score': '0.1331', 'ticker_sentiment_score': '0.184782', 'ticker_sentiment_label': 'Somewhat-Bullish'}, {'ticker': 'FOREX:CNY', 'relevance_score': '0.066784', 'ticker_sentiment_score': '-0.177559', 'ticker_sentiment_label': 'Somewhat-Bearish'}, {'ticker': 'FOREX:EUR', 'relevance_score': '0.066784', 'ticker_sentiment_score': '-0.177559', 'ticker_sentiment_label': 'Somewhat-Bearish'}, {'ticker': 'FOREX:USD', 'relevance_score': '0.442522', 'ticker_sentiment_score': '0.310272', 'ticker_sentiment_label': 'Somewhat-Bullish'}, {'ticker': 'CRYPTO:BTC', 'relevance_score': '0.597963', 'ticker_sentiment_score': '0.230046', 'ticker_sentiment_label': 'Somewhat-Bullish'}]"
"Bitcoin Price Nears $40K With Fed, ETF At Play",https://www.investors.com/news/bitcoin-price-nears-40k-with-fed-etf-and-these-factors-at-play/,20231201T155900,"['JED GRAHAM', ""Investor's Business Daily""]","Bitcoin is making a run toward the $40,000 level that it hasn't seen since the May 2022 blowup of supposed ""stablecoin"" TerraUSD. A number of factors are propelling the Bitcoin price, including possible movement toward Securities and Exchange Commission approval of a Bitcoin ETF. But the biggest ...",https://www.investors.com/wp-content/uploads/2022/11/Stock-bitcoincrash-01-adobe.jpg,Investors Business Daily,n/a,www.investors.com,"[{'topic': 'Economy - Monetary', 'relevance_score': '0.9545'}, {'topic': 'Financial Markets', 'relevance_score': '0.986564'}, {'topic': 'Finance', 'relevance_score': '1.0'}, {'topic': 'Blockchain', 'relevance_score': '0.928139'}, {'topic': 'Economy - Macro', 'relevance_score': '0.158519'}]",0.0,Neutral,"[{'ticker': 'BLK', 'relevance_score': '0.111488', 'ticker_sentiment_score': '0.03615', 'ticker_sentiment_label': 'Neutral'}, {'ticker': 'COIN', 'relevance_score': '0.111488', 'ticker_sentiment_score': '0.0', 'ticker_sentiment_label': 'Neutral'}, {'ticker': 'FOREX:CNY', 'relevance_score': '0.055881', 'ticker_sentiment_score': '0.073151', 'ticker_sentiment_label': 'Neutral'}, {'ticker': 'FOREX:USD', 'relevance_score': '0.166551', 'ticker_sentiment_score': '0.062366', 'ticker_sentiment_label': 'Neutral'}, {'ticker': 'CRYPTO:BTC', 'relevance_score': '0.59972', 'ticker_sentiment_score': '0.061146', 'ticker_sentiment_label': 'Neutral'}, {'ticker': 'CRYPTO:UST', 'relevance_score': '0.166551', 'ticker_sentiment_score': '0.0', 'ticker_sentiment_label': 'Neutral'}]"
